id_harga;id_saham;tanggal;close;volume
;9;2015-05-19;51;6685626124
;9;2015-05-20;50;1310904877
;9;2015-05-21;50;1313378842
;9;2015-05-22;50;202528919
;9;2015-05-25;49;743095682
;9;2015-05-26;49;1044723291
;9;2015-05-27;48;447631171
;9;2015-05-28;48;778394812
;9;2015-05-29;48;194455012
;9;2015-06-01;48;131448754
;9;2015-06-02;48;0
;9;2015-06-03;46;244958160
;9;2015-06-04;46;616088537
;9;2015-06-05;47;157015728
;9;2015-06-08;45;138925884
;9;2015-06-09;43;333327662
;9;2015-06-10;44;173539781
;9;2015-06-11;44;101410552
;9;2015-06-12;42;258174921
;9;2015-06-15;38;303857420
;9;2015-06-16;41;289039246
;9;2015-06-17;44;656317586
;9;2015-06-18;44;503755875
;9;2015-06-19;44;120030731
;9;2015-06-22;44;94597442
;9;2015-06-23;44;146560714
;9;2015-06-24;47;872788525
;9;2015-06-25;46;296213384
;9;2015-06-26;47;418546756
;9;2015-06-29;47;597802169
;9;2015-06-30;46;83646915
;9;2015-07-01;47;286188242
;9;2015-07-02;48;370230207
;9;2015-07-03;47;131906243
;9;2015-07-06;46;131818188
;9;2015-07-07;47;205925868
;9;2015-07-08;46;157050149
;9;2015-07-09;46;158487459
;9;2015-07-10;46;120186429
;9;2015-07-13;46;70963291
;9;2015-07-14;46;85158671
;9;2015-07-15;45;67239735
;9;2015-07-16;45;0
;9;2015-07-17;45;0
;9;2015-07-20;45;0
;9;2015-07-21;45;0
;9;2015-07-22;46;72174857
;9;2015-07-23;46;107670912
;9;2015-07-24;45;84405394
;9;2015-07-27;44;109997584
;9;2015-07-28;45;79823296
;9;2015-07-29;45;84270509
;9;2015-07-30;44;80342824
;9;2015-07-31;45;84544282
;9;2015-08-03;44;57401912
;9;2015-08-04;44;44116307
;9;2015-08-05;44;58788389
;9;2015-08-06;45;86892968
;9;2015-08-07;45;31686044
;9;2015-08-10;44;25651827
;9;2015-08-11;43;97707009
;9;2015-08-12;40;154863966
;9;2015-08-13;41;98613182
;9;2015-08-14;42;68619808
;9;2015-08-17;42;0
;9;2015-08-18;41;39681902
;9;2015-08-19;40;32196367
;9;2015-08-20;40;52284675
;9;2015-08-21;39;241013264
;9;2015-08-24;35;307956012
;9;2015-08-25;35;242213223
;9;2015-08-26;35;170561897
;9;2015-08-27;37;659879439
;9;2015-08-28;36;341708564
;9;2015-08-31;36;130560592
;9;2015-09-01;35;72663967
;9;2015-09-02;36;96055964
;9;2015-09-03;37;350516936
;9;2015-09-04;36;109332363
;9;2015-09-07;35;148667647
;9;2015-09-08;36;80719062
;9;2015-09-09;36;162469978
;9;2015-09-10;36;104221530
;9;2015-09-11;36;92569759
;9;2015-09-14;35;50323434
;9;2015-09-15;35;56727886
;9;2015-09-16;35;33478378
;9;2015-09-17;35;69324254
;9;2015-09-18;36;228695072
;9;2015-09-21;36;54663380
;9;2015-09-22;35;71243868
;9;2015-09-23;35;82746745
;9;2015-09-24;35;0
;9;2015-09-25;35;67284163
;9;2015-09-28;33;140361592
;9;2015-09-29;32;210921829
;9;2015-09-30;31;121743414
;9;2015-10-01;32;121164248
;9;2015-10-02;33;340374520
;9;2015-10-05;37;356999837
;9;2015-10-06;37;291710936
;9;2015-10-07;38;162688916
;9;2015-10-08;39;222930225
;9;2015-10-09;39;222724895
;9;2015-10-12;39;106871606
;9;2015-10-13;38;143248619
;9;2015-10-14;38;0
;9;2015-10-15;38;52325501
;9;2015-10-16;38;69196573
;9;2015-10-19;37;177526303
;9;2015-10-20;36;553053461
;9;2015-10-21;39;858558723
;9;2015-10-22;39;505332873
;9;2015-10-23;41;606753431
;9;2015-10-26;40;353532044
;9;2015-10-27;40;421898092
;9;2015-10-28;39;269532906
;9;2015-10-29;38;484855119
;9;2015-10-30;40;1273264266
;9;2015-11-02;40;217126954
;9;2015-11-03;40;275631964
;9;2015-11-04;43;1316693739
;9;2015-11-05;41;752241867
;9;2015-11-06;41;166076259
;9;2015-11-09;38;459544307
;9;2015-11-10;49;4300931167
;9;2015-11-11;47;2417857935
;9;2015-11-12;45;630597315
;9;2015-11-13;46;1066588323
;9;2015-11-16;46;332831348
;9;2015-11-17;47;1241844790
;9;2015-11-18;47;373618350
;9;2015-11-19;47;319648209
;9;2015-11-20;48;273399752
;9;2015-11-23;48;209814728
;9;2015-11-24;48;208948580
;9;2015-11-25;48;207907922
;9;2015-11-26;48;289483927
;9;2015-11-27;47;233720651
;9;2015-11-30;46;142396880
;9;2015-12-01;46;321369698
;9;2015-12-02;45;235076309
;9;2015-12-03;46;445788405
;9;2015-12-04;45;318457055
;9;2015-12-07;45;275258928
;9;2015-12-08;44;356006409
;9;2015-12-09;44;0
;9;2015-12-10;42;245933177
;9;2015-12-11;42;141543540
;9;2015-12-14;41;110335398
;9;2015-12-15;42;81948240
;9;2015-12-16;44;442968621
;9;2015-12-17;44;189946960
;9;2015-12-18;43;98774084
;9;2015-12-21;44;97127442
;9;2015-12-22;43;225363364
;9;2015-12-23;44;231729391
;9;2015-12-24;44;0
;9;2015-12-25;44;0
;9;2015-12-28;44;139136817
;9;2015-12-29;44;96734394
;9;2015-12-30;44;206864462
;9;2015-12-31;44;0
;9;2016-01-01;44;0
;9;2016-01-04;43;153688022
;9;2016-01-05;44;112970665
;9;2016-01-06;45;833624150
;9;2016-01-07;44;306432649
;9;2016-01-08;46;620043439
;9;2016-01-11;46;291662905
;9;2016-01-12;47;482276287
;9;2016-01-13;46;202976803
;9;2016-01-14;46;392069623
;9;2016-01-15;45;237963335
;9;2016-01-18;45;124123720
;9;2016-01-19;46;170376179
;9;2016-01-20;45;178363632
;9;2016-01-21;44;205252242
;9;2016-01-22;44;202148679
;9;2016-01-25;45;233826318
;9;2016-01-26;45;76148971
;9;2016-01-27;46;512481795
;9;2016-01-28;45;185499747
;9;2016-01-29;46;262608125
;9;2016-02-01;45;119626875
;9;2016-02-02;45;130338452
;9;2016-02-03;45;167456733
;9;2016-02-04;45;134842901
;9;2016-02-05;45;186291447
;9;2016-02-08;45;0
;9;2016-02-09;46;213415406
;9;2016-02-10;48;1127225082
;9;2016-02-11;47;547656847
;9;2016-02-12;46;194528258
;9;2016-02-15;47;260534814
;9;2016-02-16;46;221450889
;9;2016-02-17;46;277381071
;9;2016-02-18;48;1862421366
;9;2016-02-19;48;570715434
;9;2016-02-22;48;294779277
;9;2016-02-23;48;477060188
;9;2016-02-24;49;425514380
;9;2016-02-25;48;166271183
;9;2016-02-26;49;914655410
;9;2016-02-29;48;312627768
;9;2016-03-01;49;456084518
;9;2016-03-02;49;236216230
;9;2016-03-03;49;200814635
;9;2016-03-04;52;1296584218
;9;2016-03-07;55;1077764993
;9;2016-03-08;56;589404857
;9;2016-03-09;56;0
;9;2016-03-10;55;345695486
;9;2016-03-11;55;0
;9;2016-03-14;55;0
;9;2016-03-15;56;131511994
;9;2016-03-16;56;99206357
;9;2016-03-17;57;157074565
;9;2016-03-18;57;290440132
;9;2016-03-21;56;244411814
;9;2016-03-22;55;150683322
;9;2016-03-23;56;95255458
;9;2016-03-24;55;113144375
;9;2016-03-25;55;0
;9;2016-03-28;53;153527521
;9;2016-03-29;56;280855268
;9;2016-03-30;55;103500274
;9;2016-03-31;54;79744846
;9;2016-04-01;55;138376737
;9;2016-04-04;57;244697595
;9;2016-04-05;56;138419564
;9;2016-04-06;57;62755298
;9;2016-04-07;57;77158410
;9;2016-04-08;57;171821093
;9;2016-04-11;57;0
;9;2016-04-12;56;151595499
;9;2016-04-13;56;0
;9;2016-04-14;56;0
;9;2016-04-15;56;0
;9;2016-04-18;56;0
;9;2016-04-19;56;0
;9;2016-04-20;75;1252792516
;9;2016-04-21;75;334896655
;9;2016-04-22;76;351201770
;9;2016-04-25;77;513030542
;9;2016-04-26;77;260102140
;9;2016-04-27;76;356913383
;9;2016-04-28;75;237498641
;9;2016-04-29;75;182730795
;9;2016-05-02;72;270587973
;9;2016-05-03;76;957847533
;9;2016-05-04;74;247613840
;9;2016-05-05;74;0
;9;2016-05-06;74;0
;9;2016-05-09;72;209982034
;9;2016-05-10;71;288857931
;9;2016-05-11;70;175349726
;9;2016-05-12;82;2207211881
;9;2016-05-13;80;920037215
;9;2016-05-16;78;327242213
;9;2016-05-17;79;140458854
;9;2016-05-18;84;475415947
;9;2016-05-19;84;630451623
;9;2016-05-20;90;1060934746
;9;2016-05-23;92;321697105
;9;2016-05-24;87;468134941
;9;2016-05-25;90;291621279
;9;2016-05-26;88;157083771
;9;2016-05-27;93;661090205
;9;2016-05-30;94;397000342
;9;2016-05-31;93;297575846
;9;2016-06-01;94;217419139
;9;2016-06-02;94;172990233
;9;2016-06-03;96;451246258
;9;2016-06-06;96;147496906
;9;2016-06-07;96;145233474
;9;2016-06-08;94;250759430
;9;2016-06-09;94;166183927
;9;2016-06-10;96;292456207
;9;2016-06-13;95;73618571
;9;2016-06-14;93;105565180
;9;2016-06-15;94;102044953
;9;2016-06-16;96;393478514
;9;2016-06-17;98;413037287
;9;2016-06-20;98;164968759
;9;2016-06-21;100;445214442
;9;2016-06-22;116;1939809922
;9;2016-06-23;120;889262947
;9;2016-06-24;119;630567696
;9;2016-06-27;127;746766003
;9;2016-06-28;124;425273027
;9;2016-06-29;127;420269462
;9;2016-06-30;126;561732952
;9;2016-07-01;126;93495945
;9;2016-07-04;126;0
;9;2016-07-05;126;0
;9;2016-07-06;126;0
;9;2016-07-07;126;0
;9;2016-07-08;126;0
;9;2016-07-11;128;114793018
;9;2016-07-12;124;387757295
;9;2016-07-13;127;199913265
;9;2016-07-14;129;524735147
;9;2016-07-15;129;319551748
;9;2016-07-18;131;156718339
;9;2016-07-19;131;103352981
;9;2016-07-20;131;226903539
;9;2016-07-21;131;520205882
;9;2016-07-22;131;93261397
;9;2016-07-25;129;202280362
;9;2016-07-26;128;157230263
;9;2016-07-27;129;133665756
;9;2016-07-28;133;479900785
;9;2016-07-29;153;1777760610
;9;2016-08-01;176;1201326358
;9;2016-08-02;177;227115273
;9;2016-08-03;181;188775819
;9;2016-08-04;181;72916126
;9;2016-08-05;197;766185088
;9;2016-08-08;204;376548604
;9;2016-08-09;204;242162391
;9;2016-08-10;201;1695953659
;9;2016-08-11;204;1152328162
;9;2016-08-12;203;164852285
;9;2016-08-15;194;439580478
;9;2016-08-16;192;128765456
;9;2016-08-17;192;0
;9;2016-08-18;201;171876729
;9;2016-08-19;199;183686199
;9;2016-08-22;199;67309379
;9;2016-08-23;198;196627986
;9;2016-08-24;194;86427073
;9;2016-08-25;203;296218587
;9;2016-08-26;199;86462296
;9;2016-08-29;193;91877721
;9;2016-08-30;189;205414745
;9;2016-08-31;192;165033199
;9;2016-09-01;189;107945486
;9;2016-09-02;199;649625352
;9;2016-09-05;213;805329851
;9;2016-09-06;226;795010923
;9;2016-09-07;241;752643321
;9;2016-09-08;257;1104812904
;9;2016-09-09;252;551331572
;9;2016-09-12;252;0
;9;2016-09-13;243;229612052
;9;2016-09-14;238;350915989
;9;2016-09-15;258;588663988
;9;2016-09-16;252;462938854
;9;2016-09-19;251;142303220
;9;2016-09-20;243;138289882
;9;2016-09-21;252;289168928
;9;2016-09-22;249;315097730
;9;2016-09-23;248;61901158
;9;2016-09-26;249;96513054
;9;2016-09-27;256;306165680
;9;2016-09-28;282;701721108
;9;2016-09-29;314;1230985120
;9;2016-09-30;332;965186176
;9;2016-10-03;334;438398130
;9;2016-10-04;332;190269164
;9;2016-10-05;324;342438226
;9;2016-10-06;323;109877108
;9;2016-10-07;341;418179740
;9;2016-10-10;366;848188563
;9;2016-10-11;354;521967396
;9;2016-10-12;359;190877148
;9;2016-10-13;349;110971400
;9;2016-10-14;349;112846986
;9;2016-10-17;343;100433934
;9;2016-10-18;349;194695164
;9;2016-10-19;351;88196993
;9;2016-10-20;344;76215413
;9;2016-10-21;342;89443381
;9;2016-10-24;349;156541428
;9;2016-10-25;344;145628924
;9;2016-10-26;343;195696597
;9;2016-10-27;327;226806677
;9;2016-10-28;327;1045165971
;9;2016-10-31;338;262090998
;9;2016-11-01;329;176217475
;9;2016-11-02;321;275377403
;9;2016-11-03;306;300629778
;9;2016-11-04;321;109916733
;9;2016-11-07;319;243720977
;9;2016-11-08;314;66432024
;9;2016-11-09;314;130957243
;9;2016-11-10;316;89417365
;9;2016-11-11;303;39914049
;9;2016-11-14;298;102179038
;9;2016-11-15;313;267064144
;9;2016-11-16;338;505746334
;9;2016-11-17;336;165567938
;9;2016-11-18;336;76108946
;9;2016-11-21;334;46214835
;9;2016-11-22;336;100794962
;9;2016-11-23;333;40445185
;9;2016-11-24;331;93101295
;9;2016-11-25;337;59921506
;9;2016-11-28;352;918665947
;9;2016-11-29;349;169424377
;9;2016-11-30;361;320544776
;9;2016-12-01;352;90098196
;9;2016-12-02;349;603225199
;9;2016-12-05;347;36600353
;9;2016-12-06;346;18412447
;9;2016-12-07;351;524059519
;9;2016-12-08;348;68621810
;9;2016-12-09;341;49441276
;9;2016-12-12;341;0
;9;2016-12-13;328;69423517
;9;2016-12-14;326;26580014
;9;2016-12-15;328;45422734
;9;2016-12-16;328;35505660
;9;2016-12-19;313;36012381
;9;2016-12-20;313;47156231
;9;2016-12-21;311;21638888
;9;2016-12-22;293;48366196
;9;2016-12-23;289;31229355
;9;2016-12-26;289;0
;9;2016-12-27;323;103097219
;9;2016-12-28;343;159470480
;9;2016-12-29;341;59379163
;9;2016-12-30;339;72898115
;9;2017-01-02;339;0
;9;2017-01-03;328;24049613
;9;2017-01-04;324;33845410
;9;2017-01-05;318;47349153
;9;2017-01-06;323;82464967
;9;2017-01-09;323;23597727
;9;2017-01-10;322;21606868
;9;2017-01-11;319;16113793
;9;2017-01-12;319;15836017
;9;2017-01-13;316;11701802
;9;2017-01-16;308;19079669
;9;2017-01-17;308;19989445
;9;2017-01-18;323;41021950
;9;2017-01-19;322;58873643
;9;2017-01-20;314;13081875
;9;2017-01-23;313;11997589
;9;2017-01-24;314;37745878
;9;2017-01-25;314;42363999
;9;2017-01-26;314;41202464
;9;2017-01-27;314;17213689
;9;2017-01-30;321;35584110
;9;2017-01-31;317;43048832
;9;2017-02-01;316;46970513
;9;2017-02-02;314;12580758
;9;2017-02-03;314;27362509
;9;2017-02-06;314;16246677
;9;2017-02-07;314;28416776
;9;2017-02-08;314;27042306
;9;2017-02-09;316;25651427
;9;2017-02-10;324;84561893
;9;2017-02-13;322;47664952
;9;2017-02-14;319;39144362
;9;2017-02-15;319;0
;9;2017-02-16;345;197349843
;9;2017-02-17;341;88823990
;9;2017-02-20;333;33853315
;9;2017-02-21;329;26369081
;9;2017-02-22;319;58905363
;9;2017-02-23;305;62758000
;9;2017-02-24;291;57459849
;9;2017-02-27;269;128973488
;9;2017-02-28;327;577681541
;9;2017-03-01;303;295409475
;9;2017-03-02;303;170328649
;9;2017-03-03;305;44233682
;9;2017-03-06;303;30694517
;9;2017-03-07;297;55079543
;9;2017-03-08;299;78065484
;9;2017-03-09;293;32960550
;9;2017-03-10;293;33313073
;9;2017-03-13;295;43126882
;9;2017-03-14;293;31018922
;9;2017-03-15;291;18003989
;9;2017-03-16;295;38945036
;9;2017-03-17;293;32286224
;9;2017-03-20;293;21144876
;9;2017-03-21;287;35467136
;9;2017-03-22;283;34444689
;9;2017-03-23;285;63403609
;9;2017-03-24;283;32017554
;9;2017-03-27;281;68342833
;9;2017-03-28;281;0
;9;2017-03-29;281;54740528
;9;2017-03-30;287;194102889
;9;2017-03-31;289;47295719
;9;2017-04-03;287;48103530
;9;2017-04-04;281;30831203
;9;2017-04-05;281;0
;9;2017-04-06;282;15470300
;9;2017-04-07;284;15592200
;9;2017-04-10;282;25264200
;9;2017-04-11;284;204779900
;9;2017-04-12;286;48584600
;9;2017-04-13;286;32368800
;9;2017-04-14;286;0
;9;2017-04-17;286;34496600
;9;2017-04-18;278;140407000
;9;2017-04-19;278;0
;9;2017-04-20;276;22972400
;9;2017-04-21;272;29037500
;9;2017-04-24;272;0
;9;2017-04-25;268;62849000
;9;2017-04-26;272;20564700
;9;2017-04-27;268;28933100
;9;2017-04-28;264;29555500
;9;2017-05-01;264;0
;9;2017-05-02;250;65631400
;9;2017-05-03;246;32701400
;9;2017-05-04;232;63911600
;9;2017-05-05;244;87945000
;9;2017-05-08;238;39273200
;9;2017-05-09;234;46953700
;9;2017-05-10;224;63963100
;9;2017-05-11;224;0
;9;2017-05-12;236;78493200
;9;2017-05-15;234;34972100
;9;2017-05-16;240;54899500
;9;2017-05-17;236;27027000
;9;2017-05-18;236;25228600
;9;2017-05-19;238;39724400
;9;2017-05-22;236;107569900
;9;2017-05-23;236;18298700
;9;2017-05-24;230;70641700
;9;2017-05-25;230;0
;9;2017-05-26;230;23473100
;9;2017-05-29;228;13981500
;9;2017-05-30;226;21233700
;9;2017-05-31;228;72796600
;9;2017-06-01;228;0
;9;2017-06-02;228;14663200
;9;2017-06-05;228;43560900
;9;2017-06-06;224;15346100
;9;2017-06-07;238;198836200
;9;2017-06-08;232;48533300
;9;2017-06-09;228;25489900
;9;2017-06-12;228;21724000
;9;2017-06-13;228;22714500
;9;2017-06-14;230;45194100
;9;2017-06-15;226;13739700
;9;2017-06-16;226;15646300
;9;2017-06-19;224;33784700
;9;2017-06-20;224;14551800
;9;2017-06-21;224;13853500
;9;2017-06-22;226;15898800
;9;2017-06-23;226;0
;9;2017-06-26;226;0
;9;2017-06-27;226;0
;9;2017-06-28;226;0
;9;2017-06-29;226;0
;9;2017-06-30;226;0
;9;2017-07-03;226;18222800
;9;2017-07-04;234;95966700
;9;2017-07-05;228;27292100
;9;2017-07-06;228;8918900
;9;2017-07-07;224;21040500
;9;2017-07-10;224;0
;9;2017-07-11;224;19416200
;9;2017-07-12;228;16166300
;9;2017-07-13;228;22857900
;9;2017-07-14;226;44115700
;9;2017-07-17;224;13241700
;9;2017-07-18;222;18490500
;9;2017-07-19;224;23473500
;9;2017-07-20;224;14721800
;9;2017-07-21;216;46833700
;9;2017-07-24;218;18372700
;9;2017-07-25;214;22320300
;9;2017-07-26;214;14516500
;9;2017-07-27;210;27472100
;9;2017-07-28;208;25126700
;9;2017-07-31;208;35779900
;9;2017-08-01;208;26171700
;9;2017-08-02;206;8940100
;9;2017-08-03;206;20817000
;9;2017-08-04;204;14272100
;9;2017-08-07;204;25564000
;9;2017-08-08;202;19287000
;9;2017-08-09;214;126697300
;9;2017-08-10;226;135177200
;9;2017-08-11;218;38356800
;9;2017-08-14;216;35096900
;9;2017-08-15;214;23641700
;9;2017-08-16;210;27077300
;9;2017-08-17;210;0
;9;2017-08-18;208;17875300
;9;2017-08-21;210;32388400
;9;2017-08-22;208;14354700
;9;2017-08-23;208;38399800
;9;2017-08-24;206;15410200
;9;2017-08-25;208;24595300
;9;2017-08-28;210;35794400
;9;2017-08-29;208;14074200
;9;2017-08-30;206;29448400
;9;2017-08-31;204;37616800
;9;2017-09-01;204;0
;9;2017-09-04;200;17190500
;9;2017-09-05;204;70091200
;9;2017-09-06;218;172406600
;9;2017-09-07;212;45156300
;9;2017-09-08;216;86874300
;9;2017-09-11;212;37636500
;9;2017-09-12;204;28414600
;9;2017-09-13;206;22153800
;9;2017-09-14;210;45265000
;9;2017-09-15;206;33021300
;9;2017-09-18;206;27266300
;9;2017-09-19;206;28897900
;9;2017-09-20;208;33195600
;9;2017-09-21;208;0
;9;2017-09-22;206;11577300
;9;2017-09-25;204;33531400
;9;2017-09-26;202;13549800
;9;2017-09-27;200;35142300
;9;2017-09-28;198;25466200
;9;2017-09-29;206;31561700
;9;2017-10-02;200;16769800
;9;2017-10-03;200;20673800
;9;2017-10-04;200;17461300
;9;2017-10-05;200;27992900
;9;2017-10-06;200;8057400
;9;2017-10-09;199;10964800
;9;2017-10-10;197;13336600
;9;2017-10-11;197;11064500
;9;2017-10-12;199;33009600
;9;2017-10-13;200;14988500
;9;2017-10-16;208;132831600
;9;2017-10-17;206;53784600
;9;2017-10-18;202;22724600
;9;2017-10-19;206;48834600
;9;2017-10-20;204;72794600
;9;2017-10-23;204;25395900
;9;2017-10-24;220;296639700
;9;2017-10-25;216;136137400
;9;2017-10-26;216;38991500
;9;2017-10-27;210;32146700
;9;2017-10-30;212;48714400
;9;2017-10-31;210;25934600
;9;2017-11-01;208;33155400
;9;2017-11-02;206;32204000
;9;2017-11-03;204;37466500
;9;2017-11-06;206;21407600
;9;2017-11-07;204;29200700
;9;2017-11-08;208;82466100
;9;2017-11-09;210;50111800
;9;2017-11-10;206;22743800
;9;2017-11-13;206;14314300
;9;2017-11-14;204;22772300
;9;2017-11-15;206;12066300
;9;2017-11-16;204;25092900
;9;2017-11-17;204;27684200
;9;2017-11-20;202;15193700
;9;2017-11-21;202;24275500
;9;2017-11-22;204;15827900
;9;2017-11-23;204;17153800
;9;2017-11-24;202;31888400
;9;2017-11-27;200;8774700
;9;2017-11-28;199;32943000
;9;2017-11-29;199;13165500
;9;2017-11-30;196;22539600
;9;2017-12-01;196;0
;9;2017-12-04;190;43098800
;9;2017-12-05;175;53215600
;9;2017-12-06;189;179286700
;9;2017-12-07;187;52064000
;9;2017-12-08;186;9363600
;9;2017-12-11;186;21681500
;9;2017-12-12;182;106091000
;9;2017-12-13;185;30994800
;9;2017-12-14;190;50869800
;9;2017-12-15;191;24876500
;9;2017-12-18;189;22807500
;9;2017-12-19;188;16766700
;9;2017-12-20;188;13037100
;9;2017-12-21;189;14761700
;9;2017-12-22;186;20368500
;9;2017-12-25;186;0
;9;2017-12-26;186;0
;9;2017-12-27;187;12757300
;9;2017-12-28;189;18301500
;9;2017-12-29;189;28486600
;9;2018-01-01;189;0
;9;2018-01-02;189;38326800
;9;2018-01-03;189;18645400
;9;2018-01-04;190;24018000
;9;2018-01-05;193;51480800
;9;2018-01-08;200;92971700
;9;2018-01-09;202;57925900
;9;2018-01-10;200;26116400
;9;2018-01-11;196;22104900
;9;2018-01-12;198;14713300
;9;2018-01-15;197;15176800
;9;2018-01-16;198;46636300
;9;2018-01-17;204;152313100
;9;2018-01-18;202;45092700
;9;2018-01-19;199;21668000
;9;2018-01-22;198;34467300
;9;2018-01-23;197;37411300
;9;2018-01-24;200;131203800
;9;2018-01-25;198;97116300
;9;2018-01-26;198;59925800
;9;2018-01-29;199;46066500
;9;2018-01-30;192;78008700
;9;2018-01-31;192;42004700
;9;2018-02-01;197;97029300
;9;2018-02-02;196;38722200
;9;2018-02-05;193;43442200
;9;2018-02-06;190;47728900
;9;2018-02-07;190;30490100
;9;2018-02-08;191;48750900
;9;2018-02-09;188;25372900
;9;2018-02-12;189;15614000
;9;2018-02-13;189;19724300
;9;2018-02-14;189;14168700
;9;2018-02-15;191;20217600
;9;2018-02-16;191;0
;9;2018-02-19;191;25810100
;9;2018-02-20;191;17401300
;9;2018-02-21;189;50223300
;9;2018-02-22;188;15181200
;9;2018-02-23;188;21074900
;9;2018-02-26;187;15335600
;9;2018-02-27;187;38980400
;9;2018-02-28;187;14219200
;9;2018-03-01;187;15102500
;9;2018-03-02;186;13825500
;9;2018-03-05;186;36193100
;9;2018-03-06;186;17281600
;9;2018-03-07;182;31114600
;9;2018-03-08;182;21020900
;9;2018-03-09;186;26242200
;9;2018-03-12;190;27521600
;9;2018-03-13;189;15206000
;9;2018-03-14;187;10028700
;9;2018-03-15;186;20364900
;9;2018-03-16;181;60699900
;9;2018-03-19;181;16429700
;9;2018-03-20;179;16271700
;9;2018-03-21;180;26470900
;9;2018-03-22;178;11177900
;9;2018-03-23;173;26282400
;9;2018-03-26;170;23656300
;9;2018-03-27;171;19271700
;9;2018-03-28;170;12716600
;9;2018-03-29;169;7164600
;9;2018-03-30;169;0
;9;2018-04-02;168;11835000
;9;2018-04-03;170;10760800
;9;2018-04-04;168;14572100
;9;2018-04-05;169;9080200
;9;2018-04-06;168;6595700
;9;2018-04-09;167;12315200
;9;2018-04-10;168;15428200
;9;2018-04-11;174;58223700
;9;2018-04-12;174;32742100
;9;2018-04-13;171;18790500
;9;2018-04-16;171;0
;9;2018-04-17;171;0
;9;2018-04-18;170;17820400
;9;2018-04-19;170;0
;9;2018-04-20;170;0
;9;2018-04-23;180;35455300
;9;2018-04-24;176;35850800
;9;2018-04-25;176;0
;9;2018-04-26;176;0
;9;2018-04-27;176;0
;9;2018-04-30;160;20980500
;9;2018-05-01;160;0
;9;2018-05-02;160;16930700
;9;2018-05-03;153;26198600
;9;2018-05-04;151;20181400
;9;2018-05-07;152;16995900
;9;2018-05-08;145;13186000
;9;2018-05-09;143;20126000
;9;2018-05-10;143;0
;9;2018-05-11;145;13218600
;9;2018-05-14;149;15088200
;9;2018-05-15;149;25143100
;9;2018-05-16;152;22521600
;9;2018-05-17;154;18494500
;9;2018-05-18;153;11527900
;9;2018-05-21;151;9718300
;9;2018-05-22;153;24919500
;9;2018-05-23;153;21547700
;9;2018-05-24;160;36241900
;9;2018-05-25;164;41571800
;9;2018-05-28;171;33298100
;9;2018-05-29;171;0
;9;2018-05-30;168;44255400
;9;2018-05-31;170;62964500
;9;2018-06-01;170;0
;9;2018-06-04;167;13481100
;9;2018-06-05;165;14893400
;9;2018-06-06;165;13629900
;9;2018-06-07;165;4764000
;9;2018-06-08;163;4277000
;9;2018-06-11;163;0
;9;2018-06-12;163;0
;9;2018-06-13;163;0
;9;2018-06-14;163;0
;9;2018-06-15;163;0
;9;2018-06-18;163;0
;9;2018-06-19;163;0
;9;2018-06-20;164;7337400
;9;2018-06-21;162;8725600
;9;2018-06-22;159;5293500
;9;2018-06-25;162;7390400
;9;2018-06-26;157;7116000
;9;2018-06-27;153;6086900
;9;2018-06-28;140;10649400
;9;2018-06-29;142;13762400
;9;2018-07-02;139;8971500
;9;2018-07-03;134;7967000
;9;2018-07-04;134;6817100
;9;2018-07-05;134;6275300
;9;2018-07-06;133;4587500
;9;2018-07-09;138;12777600
;9;2018-07-10;139;6970700
;9;2018-07-11;137;6810900
;9;2018-07-12;138;4215300
;9;2018-07-13;138;18529300
;9;2018-07-16;138;5170200
;9;2018-07-17;140;18521800
;9;2018-07-18;138;15295500
;9;2018-07-19;137;11607800
;9;2018-07-20;137;5220700
;9;2018-07-23;138;27453900
;9;2018-07-24;138;8427900
;9;2018-07-25;137;11088400
;9;2018-07-26;137;19060900
;9;2018-07-27;138;4991300
;9;2018-07-30;143;63831800
;9;2018-07-31;145;27762900
;9;2018-08-01;142;13758600
;9;2018-08-02;139;16007600
;9;2018-08-03;138;14330100
;9;2018-08-06;140;27922500
;9;2018-08-07;141;12374700
;9;2018-08-08;140;17302100
;9;2018-08-09;138;11065100
;9;2018-08-10;138;19059500
;9;2018-08-13;134;12721800
;9;2018-08-14;131;10811900
;9;2018-08-15;131;7572200
;9;2018-08-16;128;10586400
;9;2018-08-17;128;0
;9;2018-08-20;128;11876800
;9;2018-08-21;129;8121300
;9;2018-08-22;129;0
;9;2018-08-23;129;7781200
;9;2018-08-24;128;5491800
;9;2018-08-27;129;15056200
;9;2018-08-28;128;8561600
;9;2018-08-29;129;4173900
;9;2018-08-30;129;7346400
;9;2018-08-31;130;10416300
;9;2018-09-03;126;9187600
;9;2018-09-04;123;9585000
;9;2018-09-05;111;28969100
;9;2018-09-06;111;14048000
;9;2018-09-07;111;10719400
;9;2018-09-10;109;10865300
;9;2018-09-11;109;0
;9;2018-09-12;109;40652700
;9;2018-09-13;109;14310500
;9;2018-09-14;111;13939900
;9;2018-09-17;108;13655900
;9;2018-09-18;106;10779800
;9;2018-09-19;105;13650400
;9;2018-09-20;114;107374800
;9;2018-09-21;112;38023200
;9;2018-09-24;109;12290100
;9;2018-09-25;109;36212200
;9;2018-09-26;109;20791300
;9;2018-09-27;107;22126300
;9;2018-09-28;111;42963500
;9;2018-10-01;112;31132100
;9;2018-10-02;111;39701500
;9;2018-10-03;109;15342700
;9;2018-10-04;106;24758900
;9;2018-10-05;104;16005700
;9;2018-10-08;101;23562700
;9;2018-10-09;101;21037000
;9;2018-10-10;102;11270200
;9;2018-10-11;96;42620000
;9;2018-10-12;98;23282200
;9;2018-10-15;97;20045400
;9;2018-10-16;97;14909800
;9;2018-10-17;99;18481500
;9;2018-10-18;100;15106900
;9;2018-10-19;102;48414100
;9;2018-10-22;103;18815800
;9;2018-10-23;100;14207600
;9;2018-10-24;99;11012800
;9;2018-10-25;99;15472700
;9;2018-10-26;98;8084100
;9;2018-10-29;98;4679800
;9;2018-10-30;95;14817000
;9;2018-10-31;96;9727400
;9;2018-11-01;97;13337700
;9;2018-11-02;98;20480900
;9;2018-11-05;99;11797300
;9;2018-11-06;102;16556200
;9;2018-11-07;107;71498400
;9;2018-11-08;105;41954100
;9;2018-11-09;100;20337900
;9;2018-11-12;100;13085800
;9;2018-11-13;99;8820100
;9;2018-11-14;98;8454600
;9;2018-11-15;100;14004800
;9;2018-11-16;103;24043500
;9;2018-11-19;104;22902200
;9;2018-11-20;104;0
;9;2018-11-21;102;17017500
;9;2018-11-22;106;45509000
;9;2018-11-23;103;31116100
;9;2018-11-26;107;39660400
;9;2018-11-27;116;172950000
;9;2018-11-28;111;80025300
;9;2018-11-29;125;129434500
;9;2018-11-30;115;99366900
;9;2018-12-03;124;104403500
;9;2018-12-04;124;56719100
;9;2018-12-05;119;30952600
;9;2018-12-06;119;29690700
;9;2018-12-07;125;76075600
;9;2018-12-10;135;131893700
;9;2018-12-11;133;79495500
;9;2018-12-12;136;54706600
;9;2018-12-13;136;38716000
;9;2018-12-14;134;25293700
;9;2018-12-17;134;18859100
;9;2018-12-18;130;68387400
;9;2018-12-19;132;53109900
;9;2018-12-20;129;16926200
;9;2018-12-21;126;56485400
;9;2018-12-24;126;0
;9;2018-12-25;126;0
;9;2018-12-26;118;84375000
;9;2018-12-27;121;42105300
;9;2018-12-28;117;35842300
;9;2018-12-31;117;0
;9;2019-01-01;117;0
;9;2019-01-02;121;36663400
;9;2019-01-03;127;110695800
;9;2019-01-04;125;53066200
;9;2019-01-07;127;62981100
;9;2019-01-08;145;414529600
;9;2019-01-09;141;182526100
;9;2019-01-10;145;137193000
;9;2019-01-11;144;53493100
;9;2019-01-14;143;45901000
;9;2019-01-15;152;243087500
;9;2019-01-16;152;104251000
;9;2019-01-17;147;172717700
;9;2019-01-18;148;109950900
;9;2019-01-21;145;61065700
;9;2019-01-22;143;85987900
;9;2019-01-23;147;101696900
;9;2019-01-24;155;246935000
;9;2019-01-25;153;101721600
;9;2019-01-28;153;63543900
;9;2019-01-29;148;42490300
;9;2019-01-30;152;60452800
;9;2019-01-31;158;217159200
;9;2019-02-01;162;135670300
;9;2019-02-04;161;48525700
;9;2019-02-05;161;0
;9;2019-02-06;169;124202300
;9;2019-02-07;165;89563600
;9;2019-02-08;169;45213000
;9;2019-02-11;165;35009100
;9;2019-02-12;160;80947100
;9;2019-02-13;157;45523500
;9;2019-02-14;159;42236000
;9;2019-02-15;156;43370000
;9;2019-02-18;164;68184800
;9;2019-02-19;163;56862200
;9;2019-02-20;161;51384600
;9;2019-02-21;160;50616600
;9;2019-02-22;159;41776500
;9;2019-02-25;158;30898800
;9;2019-02-26;156;43542700
;9;2019-02-27;160;50402400
;9;2019-02-28;157;52905300
;9;2019-03-01;157;14810000
;9;2019-03-04;159;15663900
;9;2019-03-05;157;32473900
;9;2019-03-06;160;35115000
;9;2019-03-07;160;0
;9;2019-03-08;161;44291400
;9;2019-03-11;162;94552700
;9;2019-03-12;159;32433700
;9;2019-03-13;158;23462800
;9;2019-03-14;157;10860800
;9;2019-03-15;158;10164100
;9;2019-03-18;156;20536500
;9;2019-03-19;157;20413100
;9;2019-03-20;157;16558800
;9;2019-03-21;158;16880000
;9;2019-03-22;159;8045100
;9;2019-03-25;152;29439900
;9;2019-03-26;151;7882100
;9;2019-03-27;149;20783600
;9;2019-03-28;152;23864200
;9;2019-03-29;148;16614000
;9;2019-04-01;142;39145300
;9;2019-04-02;143;36785100
;9;2019-04-03;143;0
;9;2019-04-04;143;39320100
;9;2019-04-05;146;27939300
;9;2019-04-08;142;20301700
;9;2019-04-09;142;35806700
;9;2019-04-10;142;19613000
;9;2019-04-11;140;11614400
;9;2019-04-12;138;14907900
;9;2019-04-15;141;15538400
;9;2019-04-16;146;59874400
;9;2019-04-17;146;0
;9;2019-04-18;151;87035700
;9;2019-04-19;151;0
;9;2019-04-22;149;32247400
;9;2019-04-23;150;24659600
;9;2019-04-24;148;14198400
;9;2019-04-25;144;30115700
;9;2019-04-26;144;12373000
;9;2019-04-29;145;13570100
;9;2019-04-30;146;8073900
;9;2019-05-01;146;0
;9;2019-05-02;143;9822600
;9;2019-05-03;139;26859000
;9;2019-05-06;135;14355700
;9;2019-05-07;137;5071600
;9;2019-05-08;135;9395800
;9;2019-05-09;130;23986200
;9;2019-05-10;126;21197500
;9;2019-05-13;120;18863800
;9;2019-05-14;120;19227500
;9;2019-05-15;118;15979000
;9;2019-05-16;113;11955900
;9;2019-05-17;112;30978200
;9;2019-05-20;114;20466100
;9;2019-05-21;115;27341700
;9;2019-05-22;113;22913000
;9;2019-05-23;118;63599700
;9;2019-05-24;115;27020800
;9;2019-05-27;114;36230800
;9;2019-05-28;116;156739800
;9;2019-05-29;115;29149700
;9;2019-05-30;115;0
;9;2019-05-31;117;58759600
;9;2019-06-03;117;0
;9;2019-06-04;117;0
;9;2019-06-05;117;0
;9;2019-06-06;117;0
;9;2019-06-07;117;0
;9;2019-06-10;123;115570000
;9;2019-06-11;123;76780800
;9;2019-06-12;124;72300800
;9;2019-06-13;126;73898900
;9;2019-06-14;123;34460200
;9;2019-06-17;118;51552600
;9;2019-06-18;121;26700700
;9;2019-06-19;121;0
;9;2019-06-20;124;111386900
;9;2019-06-21;122;44003500
;9;2019-06-24;120;86028400
;9;2019-06-25;118;85662100
;9;2019-06-26;119;66299200
;9;2019-06-27;122;201222900
;9;2019-06-28;121;82783000
;9;2019-07-01;120;79974900
;9;2019-07-02;121;51609100
;9;2019-07-03;119;36408200
;9;2019-07-04;120;40251800
;9;2019-07-05;119;36202900
;9;2019-07-08;117;49878800
;9;2019-07-09;120;32959600
;9;2019-07-10;120;38622500
;9;2019-07-11;119;33921200
;9;2019-07-12;118;17307100
;9;2019-07-15;121;98132200
;9;2019-07-16;120;33688800
;9;2019-07-17;122;68396400
;9;2019-07-18;121;26972200
;9;2019-07-19;119;41447000
;9;2019-07-22;119;31542600
;9;2019-07-23;119;17824200
;9;2019-07-24;118;19106700
;9;2019-07-25;117;34047700
;9;2019-07-26;115;52571700
;9;2019-07-29;113;27330000
;9;2019-07-30;115;38985800
;9;2019-07-31;114;16636300
;9;2019-08-01;114;19911500
;9;2019-08-02;112;22946200
;9;2019-08-05;108;47419300
;9;2019-08-06;106;48554600
;9;2019-08-07;106;24176400
;9;2019-08-08;106;49893800
;9;2019-08-09;106;29758900
;9;2019-08-12;107;10192500
;9;2019-08-13;105;17177800
;9;2019-08-14;105;44132800
;9;2019-08-15;103;21334100
;9;2019-08-16;103;17082100
;9;2019-08-19;104;23328500
;9;2019-08-20;103;20208500
;9;2019-08-21;102;27039000
;9;2019-08-22;103;15798900
;9;2019-08-23;103;10758900
;9;2019-08-26;102;18960600
;9;2019-08-27;120;624686300
;9;2019-08-28;115;258655100
;9;2019-08-29;116;88892000
;9;2019-08-30;115;56126700
;9;2019-09-02;110;63650300
;9;2019-09-03;111;251342100
;9;2019-09-04;113;44274500
;9;2019-09-05;112;86481600
;9;2019-09-06;111;48003000
;9;2019-09-09;111;55603800
;9;2019-09-10;113;107251700
;9;2019-09-11;115;85269600
;9;2019-09-12;112;69459000
;9;2019-09-13;112;46722500
;9;2019-09-16;110;61870000
;9;2019-09-17;109;22477100
;9;2019-09-18;112;48688700
;9;2019-09-19;109;59884800
;9;2019-09-20;106;98838300
;9;2019-09-23;104;71169800
;9;2019-09-24;101;109201200
;9;2019-09-25;99;62581500
;9;2019-09-26;102;71245700
;9;2019-09-27;100;39396200
;9;2019-09-30;99;40181600
;9;2019-10-01;100;21179400
;9;2019-10-02;96;63253500
;9;2019-10-03;94;55617900
;9;2019-10-04;99;65538600
;9;2019-10-07;97;65375900
;9;2019-10-08;97;14973300
;9;2019-10-09;97;23113600
;9;2019-10-10;97;29447200
;9;2019-10-11;99;66598500
;9;2019-10-14;100;51172300
;9;2019-10-15;100;28784800
;9;2019-10-16;99;82548600
;9;2019-10-17;99;54414300
;9;2019-10-18;100;38709700
;9;2019-10-21;102;123443600
;9;2019-10-22;102;93675200
;9;2019-10-23;101;41967700
;9;2019-10-24;105;184633700
;9;2019-10-25;103;43288300
;9;2019-10-28;101;43728200
;9;2019-10-29;101;45846800
;9;2019-10-30;100;23660200
;9;2019-10-31;99;41743900
;9;2019-11-01;102;56829200
;9;2019-11-04;99;16627600
;9;2019-11-05;99;86884100
;9;2019-11-06;98;21765000
;9;2019-11-07;97;39468600
;9;2019-11-08;96;48840900
;9;2019-11-11;94;50019900
;9;2019-11-12;95;36938400
;9;2019-11-13;95;29964200
;9;2019-11-14;94;24028700
;9;2019-11-15;95;24402800
;9;2019-11-18;95;20191300
;9;2019-11-19;95;20222800
;9;2019-11-20;94;33769200
;9;2019-11-21;94;15708600
;9;2019-11-22;94;20264800
;9;2019-11-25;91;30810600
;9;2019-11-26;86;61744700
;9;2019-11-27;78;123787000
;9;2019-11-28;69;233390600
;9;2019-11-29;62;383852100
;9;2019-12-02;68;268266700
;9;2019-12-03;69;281188700
;9;2019-12-04;67;138639400
;9;2019-12-05;68;132486400
;9;2019-12-06;67;92897300
;9;2019-12-09;74;456141900
;9;2019-12-10;72;367461900
;9;2019-12-11;71;128273800
;9;2019-12-12;71;176101800
;9;2019-12-13;71;95400000
;9;2019-12-16;68;191327600
;9;2019-12-17;71;253876800
;9;2019-12-18;71;144650800
;9;2019-12-19;69;129861800
;9;2019-12-20;67;139160200
;9;2019-12-23;67;111419300
;9;2019-12-24;67;0
;9;2019-12-25;67;0
;9;2019-12-26;66;79348200
;9;2019-12-27;66;86008900
;9;2019-12-30;68;351150200
;9;2019-12-31;68;0
;9;2020-01-01;68;0
;9;2020-01-02;67;91644100
;9;2020-01-03;68;129169000
;9;2020-01-06;67;100978100
;9;2020-01-07;67;68628600
;9;2020-01-08;66;108629300
;9;2020-01-09;66;49394300
;9;2020-01-10;66;106591700
;9;2020-01-13;66;66308800
;9;2020-01-14;65;31688200
;9;2020-01-15;61;316144000
;9;2020-01-16;59;125299100
;9;2020-01-17;58;59789400
;9;2020-01-20;56;151930700
;9;2020-01-21;60;338238600
;9;2020-01-22;60;245311700
;9;2020-01-23;59;64670800
;9;2020-01-24;59;57571900
;9;2020-01-27;56;98970500
;9;2020-01-28;57;72506900
;9;2020-01-29;57;31802400
;9;2020-01-30;56;40310900
;9;2020-01-31;53;115400800
;9;2020-02-03;52;128985500
;9;2020-02-04;52;42310600
;9;2020-02-05;53;36850200
;9;2020-02-06;54;154290800
;9;2020-02-07;54;72217400
;9;2020-02-10;53;56546500
;9;2020-02-11;53;26578700
;9;2020-02-12;52;34689200
;9;2020-02-13;52;27547900
;9;2020-02-14;52;88860900
;9;2020-02-17;52;53476500
;9;2020-02-18;53;60681400
;9;2020-02-19;53;41195800
;9;2020-02-20;52;119746200
;9;2020-02-21;51;27291800
;9;2020-02-24;51;107154700
;9;2020-02-25;50;179619200
;9;2020-02-26;50;38919500
;9;2020-02-27;50;22851800
;9;2020-02-28;51;110811700
;9;2020-03-02;50;78343600
;9;2020-03-03;50;45937700
;9;2020-03-04;51;113077600
;9;2020-03-05;51;39581600
;9;2020-03-06;51;26721100
;9;2020-03-09;50;88361200
;9;2020-03-10;50;8570500
;9;2020-03-11;50;18248500
;9;2020-03-12;50;1877700
;9;2020-03-13;50;2050700
;9;2020-03-16;50;2169400
;9;2020-03-17;50;2354200
;9;2020-03-18;50;2431000
;9;2020-03-19;50;755900
;9;2020-03-20;50;11165700
;9;2020-03-23;50;1592900
;9;2020-03-24;50;1230500
;9;2020-03-25;50;0
;9;2020-03-26;50;16235500
;9;2020-03-27;50;5051000
;9;2020-03-30;50;582300
;9;2020-03-31;50;1753300
;9;2020-04-01;50;3935900
;9;2020-04-02;50;1549500
;9;2020-04-03;50;3191700
;9;2020-04-06;50;21289300
;9;2020-04-07;58;1026429400
;9;2020-04-08;54;208126100
;9;2020-04-09;52;314644700
;9;2020-04-10;52;0
;9;2020-04-13;52;100334800
;9;2020-04-14;53;51179100
;9;2020-04-15;52;56053000
;9;2020-04-16;51;55884600
;9;2020-04-17;51;64019000
;9;2020-04-20;50;78080500
;9;2020-04-21;50;50905700
;9;2020-04-22;50;29317800
;9;2020-04-23;50;13970700
;9;2020-04-24;51;25785600
;9;2020-04-27;51;53157400
;9;2020-04-28;50;12290400
;9;2020-04-29;51;11284500
;9;2020-04-30;50;17447200
;9;2020-05-01;50;0
;9;2020-05-04;51;16044100
;9;2020-05-05;51;18971300
;9;2020-05-06;50;18885100
;9;2020-05-07;50;0
;9;2020-05-08;50;29497800
;9;2020-05-11;50;16802900
;9;2020-05-12;50;34450500
;9;2020-05-13;50;5343300
;9;2020-05-14;50;2417700
;9;2020-05-15;50;2217800
;9;2020-05-18;50;623600
;9;2020-05-19;50;5478500
;9;2020-05-20;50;3270500
;9;2020-05-21;50;0
;9;2020-05-22;50;0
;9;2020-05-25;50;0
;9;2020-05-26;50;6428300
;9;2020-05-27;50;6898900
;9;2020-05-28;50;13128200
;9;2020-05-29;50;6899700
;9;2020-06-01;50;0
;9;2020-06-02;50;6609500
;9;2020-06-03;50;277203300
;9;2020-06-04;50;954732800
;9;2020-06-05;51;178616700
;9;2020-06-08;51;363070900
;9;2020-06-09;50;118135700
;9;2020-06-10;50;123912200
;9;2020-06-11;50;107043500
;9;2020-06-12;50;10116400
;9;2020-06-15;50;4324200
;9;2020-06-16;50;51787000
;9;2020-06-17;50;25270200
;9;2020-06-18;50;13524700
;9;2020-06-19;50;5749200
;9;2020-06-22;50;4119300
;9;2020-06-23;50;2625500
;9;2020-06-24;50;2986500
;9;2020-06-25;50;945000
;9;2020-06-26;50;934500
;9;2020-06-29;50;1860500
;9;2020-06-30;50;482500
;9;2020-07-01;50;313200
;9;2020-07-02;50;763900
;9;2020-07-03;50;1205700
;9;2020-07-06;50;3285200
;9;2020-07-07;50;3432300
;9;2020-07-08;50;3795300
;9;2020-07-09;50;3106600
;9;2020-07-10;50;1911500
;9;2020-07-13;50;1059400
;9;2020-07-14;50;1320300
;9;2020-07-15;50;4836700
;9;2020-07-16;50;1450000
;9;2020-07-17;50;525700
;9;2020-07-20;50;673500
;9;2020-07-21;50;4557900
;9;2020-07-22;50;4259300
;9;2020-07-23;52;879544600
;9;2020-07-24;50;343724000
;9;2020-07-27;50;15597300
;9;2020-07-28;50;6116300
;9;2020-07-29;50;8001500
;9;2020-07-30;50;23539700
;9;2020-07-31;50;0
;9;2020-08-03;50;1509900
;9;2020-08-04;50;1085100
;9;2020-08-05;50;706500
;9;2020-08-06;50;3771900
;9;2020-08-07;50;2186900
;9;2020-08-10;50;2285200
;9;2020-08-11;50;2929200
;9;2020-08-12;50;6791900
;9;2020-08-13;50;1412600
;9;2020-08-14;50;1910300
;9;2020-08-17;50;0
;9;2020-08-18;50;3116300
;9;2020-08-19;50;1331500
;9;2020-08-20;50;0
;9;2020-08-21;50;0
;9;2020-08-24;50;1192800
;9;2020-08-25;50;3917300
;9;2020-08-26;50;2224800
;9;2020-08-27;50;2460400
;9;2020-08-28;50;720100
;9;2020-08-31;50;2214300
;9;2020-09-01;50;1437000
;9;2020-09-02;50;220743400
;9;2020-09-03;50;204056700
;9;2020-09-04;50;3321000
;9;2020-09-07;50;2051200
;9;2020-09-08;50;2302100
;9;2020-09-09;50;972700
;9;2020-09-10;50;155800
;9;2020-09-11;50;711900
;9;2020-09-14;50;1680000
;9;2020-09-15;50;6169900
;9;2020-09-16;50;1934500
;9;2020-09-17;50;750100
;9;2020-09-18;50;784000
;9;2020-09-21;50;501000
;9;2020-09-22;50;171200
;9;2020-09-23;50;56500
;9;2020-09-24;50;777300
;9;2020-09-25;50;849600
;9;2020-09-28;50;627600
;9;2020-09-29;50;111900
;9;2020-09-30;50;164600
;9;2020-10-01;50;1938300
;9;2020-10-02;50;5459500
;9;2020-10-05;50;905500
;9;2020-10-06;50;1949300
;9;2020-10-07;50;5482500
;9;2020-10-08;50;4609000
;9;2020-10-09;50;4227600
;9;2020-10-12;50;4869900
;9;2020-10-13;50;4996800
;9;2020-10-14;50;4346100
;9;2020-10-15;50;1893000
;9;2020-10-16;50;3300000
;9;2020-10-19;50;1037200
;9;2020-10-20;50;1324400
;9;2020-10-21;50;5417000
;9;2020-10-22;50;4076800
;9;2020-10-23;50;8511500
;9;2020-10-26;50;858900
;9;2020-10-27;50;458200
;9;2020-10-28;50;0
;9;2020-10-29;50;0
;9;2020-10-30;50;0
;9;2020-11-02;50;1305400
;9;2020-11-03;50;2007600
;9;2020-11-04;50;10885200
;9;2020-11-05;50;10838100
;9;2020-11-06;50;3709700
;9;2020-11-09;50;5341700
;9;2020-11-10;50;673517100
;9;2020-11-11;50;117244900
;9;2020-11-12;50;73254300
;9;2020-11-13;50;26904200
;9;2020-11-16;53;385723200
;9;2020-11-17;51;302678000
;9;2020-11-18;52;85328600
;9;2020-11-19;53;186786900
;9;2020-11-20;67;2825294900
;9;2020-11-23;70;1503105400
;9;2020-11-24;94;2274560400
;9;2020-11-25;102;3353790100
;9;2020-11-26;98;974778900
;9;2020-11-27;98;1611479400
;9;2020-11-30;92;699157000
;9;2020-12-01;100;2264248600
;9;2020-12-02;109;2551754800
;9;2020-12-03;108;1604406200
;9;2020-12-04;105;671613800
;9;2020-12-07;119;1817261900
;9;2020-12-08;117;2176080800
;9;2020-12-09;117;0
;9;2020-12-10;116;820432700
;9;2020-12-11;115;693700200
;9;2020-12-14;116;461277500
;9;2020-12-15;113;450679200
;9;2020-12-16;112;604754800
;9;2020-12-17;115;1564583100
;9;2020-12-18;115;657016000
;9;2020-12-21;116;693643400
;9;2020-12-22;108;800484500
;9;2020-12-23;103;874717500
;9;2020-12-24;103;0
;9;2020-12-25;103;0
;9;2020-12-28;101;539720400
;9;2020-12-29;101;654143700
;9;2020-12-30;94;665375600
;9;2020-12-31;94;0
;9;2021-01-01;94;0
;9;2021-01-04;93;583265100
;9;2021-01-05;99;963557100
;9;2021-01-06;98;455189300
;9;2021-01-07;100;603927600
;9;2021-01-08;101;617547900
;9;2021-01-11;99;247124500
;9;2021-01-12;98;306428100
;9;2021-01-13;105;2175568500
;9;2021-01-14;102;518872600
;9;2021-01-15;103;589584000
;9;2021-01-18;100;563669900
;9;2021-01-19;93;580527100
;9;2021-01-20;94;301537700
;9;2021-01-21;95;294719400
;9;2021-01-22;91;244249000
;9;2021-01-25;85;300657900
;9;2021-01-26;80;342253000
;9;2021-01-27;81;673547100
;9;2021-01-28;76;572613900
;9;2021-01-29;71;347413600
;9;2021-02-01;75;444428400
;9;2021-02-02;74;360970700
;9;2021-02-03;75;123497300
;9;2021-02-04;76;417223700
;9;2021-02-05;77;111572900
;9;2021-02-08;81;242022900
;9;2021-02-09;80;308746300
;9;2021-02-10;80;72472000
;9;2021-02-11;79;44801800
;9;2021-02-12;79;0
;9;2021-02-15;82;108065200
;9;2021-02-16;82;158139400
;9;2021-02-17;80;133972100
;9;2021-02-18;80;84215900
;9;2021-02-19;79;64855300
;9;2021-02-22;78;91747800
;9;2021-02-23;78;62586200
;9;2021-02-24;77;64785600
;9;2021-02-25;79;174096600
;9;2021-02-26;82;266079900
;9;2021-03-01;87;806091000
;9;2021-03-02;83;261297300
;9;2021-03-03;81;144031300
;9;2021-03-04;80;229359500
;9;2021-03-05;78;227058600
;9;2021-03-08;77;76325100
;9;2021-03-09;76;107652200
;9;2021-03-10;77;148054500
;9;2021-03-11;77;0
;9;2021-03-12;79;67322700
;9;2021-03-15;81;125367500
;9;2021-03-16;80;260273200
;9;2021-03-17;80;90448300
;9;2021-03-18;79;67703400
;9;2021-03-19;79;50671100
;9;2021-03-22;79;39287000
;9;2021-03-23;77;52225100
;9;2021-03-24;77;67471200
;9;2021-03-25;75;60309400
;9;2021-03-26;77;44229200
;9;2021-03-29;75;34178700
;9;2021-03-30;75;48649000
;9;2021-03-31;72;103832900
;9;2021-04-01;72;34989900
;9;2021-04-02;72;0
;9;2021-04-05;67;165903100
;9;2021-04-06;68;100248400
;9;2021-04-07;68;86413700
;9;2021-04-08;72;195366000
;9;2021-04-09;70;77882800
;9;2021-04-12;68;34866000
;9;2021-04-13;68;29001000
;9;2021-04-14;70;52148500
;9;2021-04-15;70;37672200
;9;2021-04-16;71;30916200
;9;2021-04-19;71;94995800
;9;2021-04-20;70;26528400
;9;2021-04-21;71;25287900
;9;2021-04-22;70;17440800
;9;2021-04-23;69;19551000
;9;2021-04-26;70;27061800
;9;2021-04-27;69;19217900
;9;2021-04-28;70;62740100
;9;2021-04-29;71;133348500
;9;2021-04-30;75;215396200
;9;2021-05-03;82;604883000
;9;2021-05-04;83;318157700
;9;2021-05-05;81;176266700
;9;2021-05-06;81;96456000
;9;2021-05-07;83;124932400
;9;2021-05-10;82;181455100
;9;2021-05-11;82;52807000
;9;2021-05-12;82;0
;9;2021-05-13;82;0
;9;2021-05-14;82;0
;9;2021-05-17;79;107550500
;9;2021-05-18;81;152823700
;9;2021-05-19;83;500552500
;9;2021-05-20;83;119418200
;9;2021-05-21;85;387691400
;9;2021-05-24;87;231469600
;9;2021-05-25;88;474179400
;9;2021-05-26;88;0
;9;2021-05-27;90;560974000
;9;2021-05-28;91;186994700
;9;2021-05-31;91;249313500
;9;2021-06-01;91;0
;9;2021-06-02;93;291224600
;9;2021-06-03;92;137885900
;9;2021-06-04;90;97889800
;9;2021-06-07;87;184019000
;9;2021-06-08;85;131918000
;9;2021-06-09;86;65334500
;9;2021-06-10;86;98810100
;9;2021-06-11;86;44764000
;9;2021-06-14;86;106482900
;9;2021-06-15;84;49666500
;9;2021-06-16;86;75694900
;9;2021-06-17;88;90975600
;9;2021-06-18;89;367921600
;9;2021-06-21;85;174432500
;9;2021-06-22;86;61767000
;9;2021-06-23;85;64404500
;9;2021-06-24;85;89995900
;9;2021-06-25;80;270340300
;9;2021-06-28;75;238625000
;9;2021-06-29;76;70853500
;9;2021-06-30;76;24704100
;9;2021-07-01;75;66765000
;9;2021-07-02;76;21764100
;9;2021-07-05;74;19863000
;9;2021-07-06;74;31647400
;9;2021-07-07;73;22094900
;9;2021-07-08;73;23467200
;9;2021-07-09;73;40630600
;9;2021-07-12;72;53677200
;9;2021-07-13;68;90603800
;9;2021-07-14;67;89976400
;9;2021-07-15;66;57880200
;9;2021-07-16;68;39088900
;9;2021-07-19;71;294138400
;9;2021-07-20;71;0
;9;2021-07-21;74;219094600
;9;2021-07-22;75;96172400
;9;2021-07-23;74;37143700
;9;2021-07-26;71;35654300
;9;2021-07-27;71;33519200
;9;2021-07-28;70;32207500
;9;2021-07-29;70;43268300
;9;2021-07-30;69;35961400
;9;2021-08-02;70;50161000
;9;2021-08-03;69;30765000
;9;2021-08-04;69;45713000
;9;2021-08-05;72;113415400
;9;2021-08-06;71;38742000
;9;2021-08-09;73;112816200
;9;2021-08-10;72;37445200
;9;2021-08-11;72;0
;9;2021-08-12;71;18524200
;9;2021-08-13;70;27804600
;9;2021-08-16;69;25035000
;9;2021-08-17;69;0
;9;2021-08-18;68;86643100
;9;2021-08-19;66;37908400
;9;2021-08-20;67;41982900
;9;2021-08-23;70;84415300
;9;2021-08-24;68;31292700
;9;2021-08-25;69;25305100
;9;2021-08-26;68;51318800
;9;2021-08-27;67;48037000
;9;2021-08-30;67;18635500
;9;2021-08-31;67;17098400
;9;2021-09-01;67;13595800
;9;2021-09-02;72;365080400
;9;2021-09-03;71;96767200
;9;2021-09-06;76;499349000
;9;2021-09-07;73;213483600
;9;2021-09-08;71;95988700
;9;2021-09-09;70;76429400
;9;2021-09-10;70;28446200
;9;2021-09-13;71;92889800
;9;2021-09-14;71;100191500
;9;2021-09-15;74;151259800
;9;2021-09-16;75;105378700
;9;2021-09-17;75;54209400
;9;2021-09-20;72;66877500
;9;2021-09-21;73;25692300
;9;2021-09-22;71;24546000
;9;2021-09-23;72;55194400
;9;2021-09-24;71;36416800
;9;2021-09-27;71;46153200
;9;2021-09-28;70;21608300
;9;2021-09-29;70;72799000
;9;2021-09-30;72;72803300
;9;2021-10-01;76;525955100
;9;2021-10-04;75;361085300
;9;2021-10-05;75;128815800
;9;2021-10-06;76;204113900
;9;2021-10-07;75;109111200
;9;2021-10-08;74;80360200
;9;2021-10-11;74;40389600
;9;2021-10-12;75;223376400
;9;2021-10-13;76;55234700
;9;2021-10-14;76;111244800
;9;2021-10-15;76;49073700
;9;2021-10-18;75;60384700
;9;2021-10-19;76;279103000
;9;2021-10-20;76;0
;9;2021-10-21;74;83290300
;9;2021-10-22;75;66955300
;9;2021-10-25;73;47868300
;9;2021-10-26;73;30903300
;9;2021-10-27;71;115951700
;9;2021-10-28;71;49346900
;9;2021-10-29;73;29152300
;9;2021-11-01;72;26935900
;9;2021-11-02;71;32693800
;9;2021-11-03;71;21799900
;9;2021-11-04;72;30889800
;9;2021-11-05;73;59469000
;9;2021-11-08;73;32637600
;9;2021-11-09;73;17476800
;9;2021-11-10;74;28954100
;9;2021-11-11;73;8219700
;9;2021-11-12;72;26724800
;9;2021-11-15;72;9353400
;9;2021-11-16;72;17625600
;9;2021-11-17;71;11430000
;9;2021-11-18;71;25950500
;9;2021-11-19;71;17115100
;9;2021-11-22;71;20994300
;9;2021-11-23;71;23374700
;9;2021-11-24;71;15480500
;9;2021-11-25;71;25289800
;9;2021-11-26;70;33869400
;9;2021-11-29;69;23864000
;9;2021-11-30;69;16937900
;9;2021-12-01;68;19514200
;9;2021-12-02;68;28744500
;9;2021-12-03;69;11536100
;9;2021-12-06;68;10160100
;9;2021-12-07;68;10225400
;9;2021-12-08;68;20990700
;9;2021-12-09;68;17711200
;9;2021-12-10;68;9430900
;9;2021-12-13;69;44103300
;9;2021-12-14;68;14618100
;9;2021-12-15;68;17421100
;9;2021-12-16;67;15270500
;9;2021-12-17;67;16132800
;9;2021-12-20;67;33556400
;9;2021-12-21;66;14509000
;9;2021-12-22;66;21881100
;9;2021-12-23;65;19891100
;9;2021-12-24;64;24404300
;9;2021-12-27;62;28065600
;9;2021-12-28;62;18253300
;9;2021-12-29;60;70820800
;9;2021-12-30;58;58859500
;9;2021-12-31;58;0
;9;2022-01-03;59;19583700
;9;2022-01-04;62;34682100
;9;2022-01-05;60;25246600
;9;2022-01-06;60;12297600
;9;2022-01-07;60;16908200
;9;2022-01-10;57;41001900
;9;2022-01-11;56;32790200
;9;2022-01-12;53;72402800
;9;2022-01-13;52;44275200
;9;2022-01-14;56;62725100
;9;2022-01-17;56;23527500
;9;2022-01-18;54;22792300
;9;2022-01-19;55;16639300
;9;2022-01-20;55;31355600
;9;2022-01-21;54;22037900
;9;2022-01-24;55;15285500
;9;2022-01-25;53;16781000
;9;2022-01-26;54;7335000
;9;2022-01-27;53;23767600
;9;2022-01-28;53;13626500
;9;2022-01-31;53;24434300
;9;2022-02-01;53;0
;9;2022-02-02;55;56235000
;9;2022-02-03;55;31068800
;9;2022-02-04;56;63935700
;9;2022-02-07;57;29933700
;9;2022-02-08;58;40930600
;9;2022-02-09;58;24013300
;9;2022-02-10;57;35776200
;9;2022-02-11;56;11401600
;9;2022-02-14;55;13413800
;9;2022-02-15;57;31549300
;9;2022-02-16;58;96028300
;9;2022-02-17;58;16364300
;9;2022-02-18;57;32862500
;9;2022-02-21;58;21292100
;9;2022-02-22;58;16627600
;9;2022-02-23;56;25706100
;9;2022-02-24;54;59663700
;9;2022-02-25;54;39521000
;9;2022-02-28;54;0
;9;2022-03-01;54;20740900
;9;2022-03-02;54;10334500
;9;2022-03-03;54;0
;9;2022-03-04;52;37848900
;9;2022-03-07;52;76151000
;9;2022-03-08;54;108378800
;9;2022-03-09;53;149170600
;9;2022-03-10;52;87464000
;9;2022-03-11;53;54693400
;9;2022-03-14;52;25448600
;9;2022-03-15;51;42533100
;9;2022-03-16;51;15569300
;9;2022-03-17;51;114065300
;9;2022-03-18;51;54071600
;9;2022-03-21;52;72009700
;9;2022-03-22;51;12050500
;9;2022-03-23;51;24906400
;9;2022-03-24;52;56733100
;9;2022-03-25;52;22725800
;9;2022-03-28;51;65134500
;9;2022-03-29;51;79647700
;9;2022-03-30;53;139044800
;9;2022-03-31;52;26833900
;9;2022-04-01;51;114563300
;9;2022-04-04;51;9709000
;9;2022-04-05;51;33842200
;9;2022-04-06;51;34216900
;9;2022-04-07;51;20879300
;9;2022-04-08;51;21405900
;9;2022-04-11;51;29536400
;9;2022-04-12;51;17083600
;9;2022-04-13;51;30185400
;9;2022-04-14;50;43055200
;9;2022-04-15;50;0
;9;2022-04-18;51;24769700
;9;2022-04-19;50;44398100
;9;2022-04-20;50;70118200
;9;2022-04-21;50;21049200
;9;2022-04-22;50;12811200
;9;2022-04-25;50;139585000
;9;2022-04-26;50;33039600
;9;2022-04-27;50;21999000
;9;2022-04-28;50;5039400
;9;2022-04-29;50;0
;9;2022-05-02;50;0
;9;2022-05-03;50;0
;9;2022-05-04;50;0
;9;2022-05-05;50;0
;9;2022-05-06;50;0
;9;2022-05-09;51;59907300
;9;2022-05-10;51;41648500
;9;2022-05-11;50;9633900
;9;2022-05-12;50;28037100
;9;2022-05-13;50;20896400
;9;2022-05-16;50;0
;9;2022-05-17;50;20798400
;9;2022-05-18;50;13927500
;9;2022-05-19;50;6853700
;9;2022-05-20;50;5406800
;9;2022-05-23;50;12431600
;9;2022-05-24;50;32505400
;9;2022-05-25;50;29391100
;9;2022-05-26;50;0
;9;2022-05-27;50;0
;9;2022-05-30;50;4816300
;9;2022-05-31;51;11706700
;9;2022-06-01;51;0
;9;2022-06-02;50;27237000
;9;2022-06-03;50;20966900
;9;2022-06-06;51;8318900
;9;2022-06-07;50;18237900
;9;2022-06-08;51;10464400
;9;2022-06-09;50;23870500
;9;2022-06-10;50;10993400
;9;2022-06-13;50;7703200
;9;2022-06-14;50;2113700
;9;2022-06-15;50;1393700
;9;2022-06-16;50;1747500
;9;2022-06-17;50;1493800
;9;2022-06-20;50;3474000
;9;2022-06-21;50;1835100
;9;2022-06-22;50;2289800
;9;2022-06-23;50;477100
;9;2022-06-24;51;46576700
;9;2022-06-27;50;63395700
;9;2022-06-28;50;18052300
;9;2022-06-29;50;6226400
;9;2022-06-30;50;3864400
;9;2022-07-01;50;10899100
;9;2022-07-04;50;4484600
;9;2022-07-05;50;5653000
;9;2022-07-06;50;797100
;9;2022-07-07;50;902700
;9;2022-07-08;50;647500
;9;2022-07-11;50;942400
;9;2022-07-12;50;1026200
;9;2022-07-13;50;810300
;9;2022-07-14;50;885300
;9;2022-07-15;50;794100
;9;2022-07-18;50;1279800
;9;2022-07-19;50;662100
;9;2022-07-20;50;2380700
;9;2022-07-21;50;916200
;9;2022-07-22;50;1111700
;9;2022-07-25;50;2195900
;9;2022-07-26;50;1401200
;9;2022-07-27;50;2845100
;9;2022-07-28;50;5943900
;9;2022-07-29;50;5036300
;9;2022-08-01;50;869100
;9;2022-08-02;50;7494200
;9;2022-08-03;50;1344500
;9;2022-08-04;50;893100
;9;2022-08-05;50;3524700
;9;2022-08-08;50;46046700
;9;2022-08-09;50;34311100
;9;2022-08-10;50;17990900
;9;2022-08-11;50;25390400
;9;2022-08-12;54;309654200
;9;2022-08-15;52;70496000
;9;2022-08-16;57;393051800
;9;2022-08-17;57;0
;9;2022-08-18;57;164388400
;9;2022-08-19;54;107199600
;9;2022-08-22;51;125906200
;9;2022-08-23;52;64098900
;9;2022-08-24;52;81235100
;9;2022-08-25;52;37639700
;9;2022-08-26;52;125984700
;9;2022-08-29;52;68627000
;9;2022-08-30;51;24249600
;9;2022-08-31;53;157467800
;9;2022-09-01;52;42847100
;9;2022-09-02;52;43074700
;9;2022-09-05;52;53952000
;9;2022-09-06;55;521744200
;9;2022-09-07;54;206274300
;9;2022-09-08;54;61032300
;9;2022-09-09;55;77626700
;9;2022-09-12;54;83767200
;9;2022-09-13;56;186794800
;9;2022-09-14;54;126608200
;9;2022-09-15;54;58233700
;9;2022-09-16;53;44842300
;9;2022-09-19;53;91206300
;9;2022-09-20;52;31932900
;9;2022-09-21;51;149261800
;9;2022-09-22;51;27787700
;9;2022-09-23;51;36127700
;9;2022-09-26;50;95245400
;9;2022-09-27;51;34813400
;9;2022-09-28;51;20417000
;9;2022-09-29;51;38558100
;9;2022-09-30;51;32600700
